firstName,lastName,email,phone,relation,parent
Leonor,Lang,yschaefer@hotmail.com,"1-940-576-4116 x370",Parent,
Amelia,Conroy,dooley.skyla@hayes.com,1-234-264-5708,Child,yschaefer@hotmail.com
Liliana,VonRueden,egoyette@yahoo.com,"(904) 759-9544 x7719",Spouse,yschaefer@hotmail.com
Serenity,Jaskolski,kory73@yahoo.com,"(830) 437-8467 x3001",Child,yschaefer@hotmail.com
Ron,Conroy,brycen83@hotmail.com,567-824-3930,Parent,
Devan,Franecki,constance.nader@collier.com,1-373-532-1488,Spouse,brycen83@hotmail.com
Lauryn,Emard,darrell14@gmail.com,"(737) 317-3249 x8857",Child,brycen83@hotmail.com
Mollie,Howe,pquigley@hotmail.com,"1-459-316-5074 x461",Spouse,brycen83@hotmail.com
Madalyn,Borer,rlebsack@emard.com,"(717) 672-1028 x8460",Parent,
Rosina,Streich,stiedemann.laverne@gmail.com,"717-234-9197 x8810",Spouse,rlebsack@emard.com
Jerrod,Rosenbaum,fausto.crist@harvey.com,"210.877.2430 x26268",Spouse,rlebsack@emard.com
Ezequiel,King,darby.zulauf@metz.org,684-602-8396,Spouse,rlebsack@emard.com
Kristopher,Berge,kirsten49@hotmail.com,+1-814-797-3328,Parent,
Ciara,Cole,wschmidt@gmail.com,"+1 (427) 840-4658",Child,kirsten49@hotmail.com
Allene,Nolan,peter.leffler@gmail.com,"334-313-3151 x391",Spouse,kirsten49@hotmail.com
Verna,Gleichner,deon20@hotmail.com,"(532) 599-0982 x7730",Spouse,kirsten49@hotmail.com
Jed,Romaguera,margarette30@hotmail.com,"+1 (273) 281-3972",Parent,
Drake,Torp,ucremin@hotmail.com,+1-281-843-3682,Child,margarette30@hotmail.com
Annabell,Bernier,perry.lubowitz@gmail.com,1-496-343-7740,Child,margarette30@hotmail.com
Duncan,Reinger,jacobson.sophia@trantow.com,1-339-242-1629,Spouse,margarette30@hotmail.com
Toney,Sauer,kacie.mcglynn@cassin.com,"1-514-943-9441 x428",Parent,
Deja,Kihn,amparo85@gmail.com,437-781-0638,Spouse,kacie.mcglynn@cassin.com
Anthony,Rice,alvina15@kihn.com,313-408-3620,Spouse,kacie.mcglynn@cassin.com
Lorna,McDermott,anderson.eldridge@lesch.com,351.972.6384,Child,kacie.mcglynn@cassin.com
Alayna,Bins,qjaskolski@oberbrunner.biz,"430-771-2324 x1137",Parent,
Summer,Rice,nrolfson@glover.info,748.867.4052,Spouse,qjaskolski@oberbrunner.biz
Julius,Pagac,demetris.bednar@yahoo.com,980.309.3519,Spouse,qjaskolski@oberbrunner.biz
Albert,Parisian,ortiz.curtis@gmail.com,"389.423.4935 x0942",Spouse,qjaskolski@oberbrunner.biz
Wilbert,Welch,kreichel@hotmail.com,343-287-9411,Parent,
Susanna,Stokes,valtenwerth@hotmail.com,"(430) 875-0821",Child,kreichel@hotmail.com
Macie,Flatley,bbernier@dubuque.org,1-816-830-1465,Child,kreichel@hotmail.com
Rebecca,Leuschke,zbeier@hotmail.com,241-289-9247,Child,kreichel@hotmail.com
Tamara,Lubowitz,schneider.hailey@gmail.com,"(763) 709-1764",Parent,
Wilburn,Schulist,fjohnson@hotmail.com,"1-443-764-6059 x1000",Spouse,schneider.hailey@gmail.com
Holly,Hoeger,imonahan@bayer.com,"530-820-3871 x1568",Spouse,schneider.hailey@gmail.com
Gust,Hodkiewicz,kasey55@yahoo.com,"704-889-2926 x10303",Child,schneider.hailey@gmail.com
Chadd,Reichel,karianne.rice@hotmail.com,841-642-8825,Parent,
Camren,Durgan,hyatt.ricardo@yahoo.com,"905-435-9292 x70834",Child,karianne.rice@hotmail.com
Stephanie,Buckridge,dcrona@hotmail.com,"(795) 525-3460 x1693",Spouse,karianne.rice@hotmail.com
Robert,Jerde,denesik.eldred@hotmail.com,"(498) 861-5640 x410",Spouse,karianne.rice@hotmail.com
Macie,McLaughlin,dannie30@mcclure.org,"545-381-2196 x6404",Parent,
Nelle,Pagac,loma.wunsch@yahoo.com,"412.213.2310 x0735",Spouse,dannie30@mcclure.org
Dayne,Sipes,shanel.quitzon@franecki.com,1-374-588-6579,Spouse,dannie30@mcclure.org
Stacey,Rath,neoma63@hotmail.com,"(762) 562-3357 x87669",Spouse,dannie30@mcclure.org
Ulises,Olson,mcdermott.shyanne@gmail.com,"1-385-624-7048 x2274",Parent,
Fidel,Schumm,olson.macy@hotmail.com,"1-391-669-9319 x9193",Child,mcdermott.shyanne@gmail.com
Adan,Marks,willow43@turner.info,441-961-2579,Spouse,mcdermott.shyanne@gmail.com
Jennings,Schumm,zsporer@watsica.org,"585.896.2801 x8630",Child,mcdermott.shyanne@gmail.com
Rod,Goodwin,deckow.willow@gmail.com,498.392.3606,Parent,
Marietta,Witting,frami.hilma@yahoo.com,"1-273-931-2956 x560",Child,deckow.willow@gmail.com
Reilly,Cummings,minerva20@hotmail.com,"(527) 394-4569 x3531",Child,deckow.willow@gmail.com
Dallin,Tromp,thamill@langosh.com,1-356-592-4454,Spouse,deckow.willow@gmail.com
Monte,Lindgren,ryann47@gmail.com,562-201-5497,Parent,
Keyshawn,Hayes,khalil67@luettgen.org,"232-991-7960 x469",Spouse,ryann47@gmail.com
Jazlyn,Stark,kellen04@yahoo.com,386-565-8402,Spouse,ryann47@gmail.com
Vinnie,Schowalter,npurdy@hansen.com,"(319) 430-9022 x5425",Spouse,ryann47@gmail.com
Velda,Hintz,farrell.julius@tillman.biz,"684-601-3700 x20321",Parent,
Tomas,Kuhic,lowell08@russel.org,+1-531-567-1874,Child,farrell.julius@tillman.biz
Isac,Wyman,qgislason@gmail.com,"(603) 634-8272 x4296",Spouse,farrell.julius@tillman.biz
Haleigh,Senger,lquigley@yahoo.com,"409-929-2037 x5865",Child,farrell.julius@tillman.biz
Sydnie,Schuster,harvey.bret@balistreri.com,1-406-781-1516,Parent,
Braxton,Bosco,connelly.mervin@gmail.com,"(460) 742-1371 x489",Child,harvey.bret@balistreri.com
Alva,Kris,kohler.ebony@yahoo.com,"(225) 302-4410 x083",Child,harvey.bret@balistreri.com
Vicenta,McCullough,ubradtke@quitzon.info,1-534-696-2768,Spouse,harvey.bret@balistreri.com
Lila,Armstrong,bpfeffer@yahoo.com,"745-664-1031 x564",Parent,
Gabe,Quigley,fernando50@gmail.com,"1-347-672-4732 x36696",Spouse,bpfeffer@yahoo.com
Mattie,Blick,ben.mueller@hotmail.com,1-742-694-8268,Spouse,bpfeffer@yahoo.com
Rylee,Kirlin,ljacobi@gmail.com,"1-672-249-4437 x9450",Child,bpfeffer@yahoo.com
Kody,McGlynn,fprohaska@hotmail.com,+1-773-631-7678,Parent,
Enrico,Langworth,bhagenes@gmail.com,231-712-9265,Child,fprohaska@hotmail.com
Oceane,Bode,collins.alyce@gmail.com,"280.610.8888 x80147",Spouse,fprohaska@hotmail.com
Maria,Hand,zrussel@hotmail.com,"1-949-604-9089 x841",Child,fprohaska@hotmail.com
Catherine,Keebler,mccullough.arne@simonis.org,"408-889-3104 x676",Parent,
Ryan,Ryan,hsenger@raynor.com,"(573) 961-9796",Child,mccullough.arne@simonis.org
Jeramie,Carroll,vtreutel@okuneva.com,"(471) 780-5847",Child,mccullough.arne@simonis.org
Deja,Wiegand,kris.mabel@block.com,"937.602.0406 x69201",Spouse,mccullough.arne@simonis.org
Cale,Wisozk,wwilderman@denesik.com,942.848.0015,Parent,
Mac,Schamberger,alisha.willms@bergstrom.com,752-473-9766,Child,wwilderman@denesik.com
Evalyn,Witting,cormier.adam@gmail.com,+1-304-974-9591,Child,wwilderman@denesik.com
Hilario,Gusikowski,iliana75@powlowski.biz,778-681-1906,Child,wwilderman@denesik.com
